Our Code,Partner Code
ACjoP90a,dDTksrlg
AO0zLDp1,dRKk3ZaT
Ad2eRu42,dfhdeJ2h
AqKWXews,dquTx88l
Ayp0mDq7,d48n097a
A1eOP9II,eKa7yynC
A8gJESMg,eYasRhCE
BBSVZm4w,eoATrFMQ
BNk6Uod7,e0sVRCOH
BZl79KE5,e8rCYKXi
BcZd7MTa,fJM6g7Gv
BoyQARIF,fPyirKql
Buusebxc,fcL71P0E
Buz0QtXf,fhaPAaXz
B1BkIha6,fsaBRUE0
B1f8bo84,fwdeqLNc
B8sZeg87,gCTnv8Tp
CDp7KkO0,gPlHZsnc
CJj6W4T4,gYWAbX3A
CRDMebbs,gmiYGfCX
CWjZ4lE1,gplGF5Q7
Cf31IsBf,gvwJ86Dy
CofQs9Np,g89oTQbq
CsFOs3gd,g9P3Ho9C
CwHipgI1,hH1gxf1I
C46a5j9p,hOT2wEMM
C9gm5ZZD,hOhVppOF
DBMs9ZR1,hWeP7wrt
DGpGHUyz,hlOFgZOH
DJGKqBuc,hnA0MTKe
DXNPnex9,hr0dwKzX
DcDKwFQ6,h0PAmaTO
DeDWBOCz,iDSQdgXK
DfY2ig4g,iLaDR5UA
DgkHmIiC,iZNhT9EH
DsmESydk,iiNoORFn
DzaMV9me,ipFBJsCH
D55xeoKu,iypvn3jA
EAzgaqsy,i3VzYl9L
EF0Xi0uc,jCf0NNZw
EHHcYZH1,jGlbkCfd
EMnkBvVm,jMtKGq1z
EXmd7qDo,jYn9Uq3d
EayTQaKt,jbOs9EOH
EhOKAfAc,jl1tBw3E
EietI606,jvy2XU5t
Eph56q5x,j66tVNCO
E4jQGkuy,j7QTySCy
FHMViawl,kJQplllw
FWBEWVnU,kJqHw6aa
FeBNCPKg,kT81OIFz
FhIpJlxu,kaXXeExp
FohQb5vW,ka3cDVc0
F0GDWwLK,kmMqVJOu
GELpl3Lj,kxl2ewXv
GJQWaapJ,lCPPvF7b
GPsBZBgH,lFEkdLbo
GUzghat1,lPA8OY4P
Gh1mATSY,lYMkSqnZ
Gss7PsiR,lfDiDFnU
GtUvfEbk,lmYNNEZR
G1IOFqvl,l0vgbhly
G7CPUI6n,l9uwyjzQ
HByRSGUX,mFIblUgD
HGO4wz1A,mFZ70CPh
HJ1mMLRO,mPkeHPdG
HVz8EOqD,mV25jhBJ
HdHQNGlt,mWVQZC1s
HnPHme7B,mgZT8KCY
HqI87Wpk,mjVixIlJ
HqeJRe8e,mpvqJJF7
HzYX1MQv,m2C9nawC
H0eQvA50,m4fEloq0
IByQ5vq4,nCNUMja9
ICqTzimN,nNnb3hBa
IJQ4R9aO,naytFTLG
IJt1CRV4,nfSeo5eR
IM05m0LK,nmE8UIIv
IaxPUQSt,np9DcTYU
Id36uEfi,nr15MI8A
IqkxRLje,n37NNgc2
I31B66WZ,oHYaM27x
I6BD2ffx,oWdMqMPc
JE1kAaDq,oYoUr7zm
JJGA47yH,ojsqyFuq
JYkmbUpS,okUIefwq
JgfAvfU9,omeKnqRk
JvVuw69q,otcZpHKO
Jxkdmk8p,oxyh9rOF
KBzhE9XB,o7hDxnLy
KGBzRuOv,pFZpKr8X
KOrNbZKR,pNDjhrM0
KQdinosS,pRANhR6A
KSlP3FaY,pU1TzTnh
KcLVZZHC,pan9C4Oz
Kd6LtALj,pcx8GXJy
KpPVknsU,pnNSCti7
KvlJmo8s,puoByxwt
K8HynSKM,pvST2IEp
LMNB8Flz,p5Gq8HKs
LSacMLtG,p7bbnn3n
LUKBipgu,qMZK15Ac
LjK7x3W4,qZc9RiKt
Lj6A45oz,qpAjNr4Q
Lt5iUXMc,qwucn7aO
L2UPsOg3,qxexSaw3
MBDXE3B1,rD2u2xO9
MM8W1XCb,rILePuJe
MWK6POyP,rMDTJlM0
MfTs9Vxm,rNl8p6hu
MjmojRYY,rUwgTLho
MoITqkEJ,rcEvm3AK
MpdXLXeR,rk8xjtDx
MvV1bQTR,rybJCVD6
M1fz7J9m,ryy56uMy
M8Btu9Sd,r8ZRR5EL
NFYENT6V,sOtYGleV
NL2NqyXP,sRmUCqNt
NRsWIstV,shp72AOi
NWWVpkNm,skkXdpM3
NXn8OqK7,sn5kQCGG
NiAN05Hk,su6uHHib
NunL3DiO,s6wAuViu
NzZbNZnV,tMbo3XvF
OELAjjAa,tVQMTN7N
OH8rCoZ3,tejjtbj7
OM2XWPrP,tniyRm0P
OaSuD0vq,tvvEt7I3
OfXFftCB,txvx0hwP
OiIUEVo2,uBiyY4jO
OtDkRrVN,uINfzsYA
O4mGa0m8,uTmrMa7k
PJJpL0ug,ui1wislZ
PUj3sVb9,ulCc8JwO
Pgopftmr,uvFfe7v7
PhVvfEyW,vAjxyfVn
PkHqmavN,vQtEANgc
PxZexDBM,vQxNbN3k
P2HFjIFB,vSc5Pqw9
P45ymtkK,vW3b5pmb
QCFLyNQf,veHuLiAW
QH4BYYWb,vg981Wil
QPXOfdTT,vwMQbLdK
QeCm5reN,v09aCwku
QqwBupuL,v8uMz4y9
QvxGYDRu,wBmN4aVf
QyxY3Ilh,wKMoQg5I
Q2vNDJbx,wMB1LYAs
RFvtYDeG,wMXYbKkb
RF24o68C,wNfwiEgL
RSjgNpBS,wYQsLJbC
ReMNsIZr,wbXRvXzi
Rkbcpf2b,wd0uAZYA
RphaPxMq,wsVSu4xH
RwDUTEiI,ww0A0nfu
Rzv0rSE4,wyfNjD7i
SDxYxqbr,xDyS7Wl5
SSGEEZql,xMeVafn8
SZj3UH4T,xWJKXRx5
SmDn8TmV,xdzfzCjD
SuNyxbV3,xqKExBI0
S2gztDAh,xvumodxn
TEcL6kI0,xyDHYkWu
TJHyj4y1,x9hY1iFD
TQ0T5xGz,yDsR1lmg
TYJi3P0l,yKmMh5uw
TeYnoDtS,yT7u1sZG
TuHBhnHf,yUEjZ3lb
T35manxI,yZC3lZMr
T5ecjQPH,ypXJSbTN
T8EMvUsN,yy1MWYLv
UCuoZYgS,y8GlGT82
UDPNu6UK,y9j2PGhM
UMoTfFEW,zFxDKrd1
UWRxU5bh,zVcwk0av
UllgFaBK,zcFYxkXX
Uv63XFyq,zn7IWdXz
U9hktHLL,z1hI1obz
VDO3RJqU,z29WcGiN
VG1tnkAd,z3XwDmCM
VIvJxCfR,z6e3nb4w
VTRARVq9,0LDzQKyn
VZJG9GfG,0MLCapqF
VliasZCh,0b9wklWD
Vx3I2dwd,0cy7no0U
VzDpy5dk,0htIOmtD
WC8dOLYS,0k3yqF93
WHl5u7UU,0l73ZOo1
WNs4uWRn,0oThTrDk
WPiEvE1O,03u46hR9
WVc5x4fo,1ARCAW1O
WbVWJl4K,1Hi0y9gX
Wfff6sVg,1QAnTdWj
Ws8CkL2J,1SRHygfh
WuUaKwBj,1jL4EuvP
W3hDJ4xB,1xS0CeqU
XACDqOhE,18V7rhZh
XKu67vhn,2Fdgj5G8
XLtNRcvD,2TzTDLfk
XTrB1Oo0,2hjJoKET
XatSr9fV,2ttiqDjW
XdfENPLH,2uySmw3X
Xqbz9Zcp,3A6hZS5a
XwjwAdbh,3Mh6WWb7
X8qAWn61,3X2oSUL1
YB50Knnk,3gaKpEYx
YDeJEUOG,3hXBGI7D
YKOnFfwW,3wPuQ4Uf
YX4L5nNn,3xf2HdWH
YhYUXvb4,30aM14GJ
YhcxcYQK,3716he2a
YkDmoytv,4HY4qEzN
Ym7T2uuq,4Jjv2uFR
YpzbKLc4,4Wojna6N
Y5BwAfvv,4kUsWDQe
Y6427Kvi,4mj6lgtK
ZEauejcZ,4yqSbEqc
ZMGcI81g,5DHk7jSr
ZYPZN6Yy,5Mq946Qf
ZZg6brM1,5dBN3ASm
Zn6LVEWs,5jgO6M5j
Z0atWSkE,5rocjqWC
Z9dgrNfn,5ytkYlC4
aCUqVN8F,51VlXqSC
aC9HpRRp,53eA18YH
aR8QRJn1,54tFFYdl
aaxQs0iL,6Cdwl4af
aePmpoKO,6EoHYpep
aeaNGIg4,6VgBdFhO
aoOC3gQo,6onGbbwx
asbyJPTu,6ppKtr0w
axbK7e0f,6uUfbMCq
a7g9xDRP,60N2vIpm
bC6TjGLq,66RdzrCh
bN8kyThn,7Lli04sI
bT8FnqAE,7NxLhQ5y
bVkxilWY,7g4wC70L
bWcehV81,7s6GLBFq
bgx7zdwu,77A6Lkq2
boOma2kk,79licLzR
bqtmomTa,8HHvCnbH
bzGa22Ij,8SXFuUEK
cBhEoMrX,8WqKSuZh
cJ4v2XS1,8nt5MCmZ
cXyyI5dI,86nZGHCa
cb64om4X,88iOCVss
cmmFWIsK,9OTW2MCC
cvyj9dDM,9RjPfvIK
czPBd5NA,9eFU7BXi
c7ZUDBda,9fNHqXHk